#TIME	REQUESTED	bash	git	git-remote-http	pip	python3.11	sps
1	0	0	0	0	0	0	0
2	0	3.8147e-06	0	0	0	0	1.52588e-05
3	0	3.8147e-06	0	0	0	0	3.05176e-05
4	0	3.8147e-06	0	0	0	0	3.05176e-05
5	0	3.8147e-06	0	0	0	0	3.05176e-05
6	0	3.8147e-06	0	0	0	0	3.05176e-05
7	0	3.8147e-06	0	0	0	0	3.05176e-05
8	0	3.8147e-06	0	0	0	0	4.57764e-05
9	0	3.8147e-06	0	0	0	0	4.57764e-05
10	0	3.8147e-06	0	0	0	0	4.57764e-05
11	0	3.8147e-06	0	0	0	0	4.57764e-05
12	0	3.8147e-06	0	0	0	0	4.57764e-05
13	0	3.8147e-06	0	0	0	0	4.57764e-05
14	0	3.8147e-06	0	0	0	0	6.10352e-05
15	0	3.8147e-06	0	0	0	0	6.10352e-05
16	0	3.8147e-06	0	0	0	0	6.10352e-05
17	0	3.8147e-06	0	0	0	0	6.10352e-05
18	0	3.8147e-06	0	0	0	0	6.10352e-05
19	0	3.8147e-06	0	0	0	0	6.10352e-05
20	0	3.8147e-06	0	0	0	0	7.62939e-05
21	0	3.8147e-06	0	0	0	0	7.62939e-05
22	0	3.8147e-06	0	0	0	0	7.62939e-05
23	0	3.8147e-06	0	0	0	0	7.62939e-05
24	0	3.8147e-06	0	0	0	0	7.62939e-05
25	0	3.8147e-06	0	0	0	0	7.62939e-05
26	0	3.8147e-06	0	0	0	0	9.15527e-05
27	0	3.8147e-06	0	0	0	0	9.15527e-05
28	0	3.8147e-06	0	0	0	0	9.15527e-05
29	0	3.8147e-06	0	0	0	0	9.15527e-05
30	0	3.8147e-06	0	0	0	0	9.15527e-05
31	0	3.8147e-06	0	0	0	0	9.15527e-05
32	0	3.8147e-06	0	0	0	0	0.000106812
33	0	3.8147e-06	0	0	0	0	0.000106812
34	0	3.8147e-06	0	0	0	0	0.000106812
35	0	3.8147e-06	0	0	0	0	0.000106812
36	0	3.8147e-06	0	0	0	0	0.000106812
37	0	3.8147e-06	0	0	0	0	0.00012207
38	0	3.8147e-06	0	0	0	0	0.00012207
39	0	3.8147e-06	0	0	0.00279999	0	0.000137329
40	0	0.00646591	0	0	0	0	0.000137329
41	0	0.00646591	0	0	0	0	0.000137329
42	0	0.00646591	0	0	0	0	0.000137329
43	0	0.00646591	0	0	0	0	0.000137329
44	0	0.00646591	0	0	0	0	0.000137329
45	0	0.00646591	0	0	0	0	0.000137329
46	0	0.00646591	0	0	0	0	0.000137329
47	0	0.00646591	0	0	0	0	0.000137329
48	0	0.00646591	0	0	0	0	0.000137329
49	0	0.00646591	0	0	0	0	0.000137329
50	0	0.00646591	0	0	0	0	0.000137329
51	0	0.00646591	0	0	0	0	0.000137329
52	0	0.00646591	0	0	0	0	0.000137329
53	0	0.00646591	0	0	0	0	0.000137329
54	0	0.00646591	0	0	0	0	0.000137329
55	0	0.00646591	0	0	0	0	0.000137329
56	0	0.00646591	0	0	0	0	0.000137329
57	0	0.00646591	0	0	0	0	0.000137329
58	0	0.00646591	0	0	0	0	0.000137329
59	0	0.00646591	0	0	0	0	0.000137329
60	0	0.00646591	0	0	0	0	0.000137329
61	0	0.00646591	0	0	0	0	0.000137329
62	0	0.00646591	0	0	0	0	0.000137329
63	0	0.00646591	0	0	0	0	0.000137329
64	0	0.00646591	0	0	0	0	0.000137329
65	0	0.00646591	0	0	0	0	0.000137329
66	0	0.00646591	0	0	0	0	0.000137329
67	0	0.00646591	0	0	0	0	0.000137329
68	0	0.00646591	0	0	0	0	0.000137329
69	0	0.00646591	0	0	0	0	0.000137329
70	0	0.00646591	0	0	0	0	0.000137329
71	0	0.00646591	0	0	0	0	0.000137329
72	0	0.00646591	0	0	0	0	0.000137329
73	0	0.00646591	0	0	0	0	0.000152588
74	0	0.00646591	0	0	0	0	0.000152588
75	0	0.00646591	0	0	0	0	0.000152588
76	0	0.00646591	0	0	0	0	0.000152588
77	0	0.00646591	0	0	0	0	0.000152588
78	0	0.00646591	0	0	0	0	0.000152588
79	0	0.00646591	0	0	0	0	0.000152588
80	0	0.00646591	0	0	0	0	0.000152588
81	0	0.00646591	0	0	0	0	0.000152588
82	0	0.00646591	0	0	0	0	0.000152588
83	0	0.00646591	0	0	0	0	0.000152588
84	0	0.00646591	0	0	0	0	0.000152588
85	0	0.00646591	0	0	0	0	0.000152588
86	0	0.00646591	0	0	0	0	0.000152588
87	0	0.00646591	0	0	0	0	0.000152588
88	0	0.00646591	0	0	0	0	0.000152588
89	0	0.00646591	0	0	0	0	0.000167847
90	0	0.00646591	0	0	0	0	0.000167847
91	0	0.00646591	0	0	0	0	0.000167847
92	0	0.00646591	0	0	0	0	0.000167847
93	0	0.00646591	0	0	0	0	0.000167847
94	0	0.00646591	0	0	0	0	0.000167847
95	0	0.00646591	0	0	0	0	0.000183105
96	0	0.00646591	0	0	0	0	0.000183105
97	0	0.00646591	0	0	0	0	0.000183105
98	0	0.00646591	0	0	0	0	0.000183105
99	0	0.00646591	0	0	0	0	0.000183105
100	0	0.00646591	0	0	0	0	0.000183105
101	0	0.00646591	0	0	0	0	0.000198364
102	0	0.00646591	0	0	0	0	0.000198364
103	0	0.00646591	0	0	0	0	0.000198364
104	0	0.00646591	0	0	0	0	0.000198364
105	0	0.00646591	0	0	0	0	0.000198364
106	0	0.00646591	0	0	0	0	0.000198364
107	0	0.00646591	0	0	0	0	0.000213623
108	0	0.00646591	0	0	0	0	0.000213623
109	0	0.00646591	0	0	0	0	0.000213623
110	0	0.00646591	0	0	0	0	0.000213623
111	0	0.00646591	0	0	0	0	0.000217438
112	0	0.00646591	0	0	0	0	0.000217438
113	0	0.00646591	0	0	0	0	0.000232697
114	0	0.00646591	0	0	0	0	0.000232697
115	0	0.00646591	0	0	0	0	0.000232697
116	0	0.00646591	0	0	0	0	0.000232697
117	0	0.00646591	0	0	0	0	0.000232697
118	0	0.00646591	0	0	0	0	0.000232697
119	0	0.00646591	0	0	0	0	0.000247955
120	0	0.00646591	0	0	0	0	0.000247955
121	0	0.00646591	0	0	0	0	0.000247955
122	0	0.00646591	0	0	0	0	0.000247955
123	0	0.00646591	0	0	0	0	0.000247955
124	0	0.00646591	0	0	0	0	0.000263214
125	0	0.00646591	0	0	0	0	0.000263214
126	0	0.00646591	0	0	0	0	0.000263214
127	0	0.00646591	0	0	0	0	0.000263214
128	0	0.00646591	0	0	0	0	0.000263214
129	0	0.00646591	0	0	0	0	0.000278473
130	0	0.00646591	0	0	0	0	0.000278473
131	0	0.00646591	0	0	0	0	0.000278473
132	0	0.00646591	0	0	0	0	0.000278473
133	0	0.00646591	0	0	0	0	0.000278473
134	0	0.00646591	0	0	0	0	0.000278473
135	0	0.00646591	0	0	0	0	0.000293732
136	0	0.00646591	0	0	0	0	0.000293732
137	0	0.00646591	0	0	0	0	0.000297546
138	0	0.00646591	0	0	0	0	0.000297546
139	0	0.00646591	0	0	0	0	0.000297546
140	0	0.00646591	0	0	0	0	0.000297546
141	0	0.00646591	0	0	0	0	0.000312805
142	0	0.00646591	0	0	0	0	0.000312805
143	0	0.00646591	0	0	0	0	0.00031662
144	0	0.00646591	0	0	0	0	0.00031662
145	0	0.00646591	0	0	0	0	0.00031662
146	0	0.00646591	0	0	0	0	0.00031662
147	0	0.00646591	0	0	0	0	0.000331879
148	0	0.00646591	0	0	0	0	0.000331879
149	0	0.00646591	0	0	0	0	0.000331879
150	0	0.00646591	0	0	0	0	0.000331879
151	0	0.00646591	0	0	0	0	0.000331879
152	0	0.00646591	0	0	0	0	0.000331879
153	0	0.00646591	0	0	0	0	0.000347137
154	0	0.00646591	0	0	0	0	0.000347137
155	0	0.00646591	0	0	0	0	0.000347137
156	0	0.00646591	0	0	0	0	0.000347137
157	0	0.00646591	0	0	0	0	0.000347137
158	0	0.00646591	0	0	0	0	0.000362396
159	0	0.00646591	0	0	0	0	0.000362396
160	0	0.00646591	0	0	0	0	0.000362396
161	0	0.00646591	0	0	0	0	0.000362396
162	0	0.00646591	0	0	0	0	0.000362396
163	0	0.00646591	0	0	0	0	0.000362396
164	0	0.00646591	0	0	0	0	0.000377655
165	0	0.00646591	0	0	0	0	0.000377655
166	0	0.00646591	0	0	0	0	0.000377655
167	0	0.00646591	0	0	0	0	0.000377655
168	0	0.00646591	0	0	0	0	0.000377655
169	0	0.00646591	0	0	0	0	0.000377655
170	0	0.00646591	0	0	0	0	0.000392914
171	0	0.00646591	0	0	0	0	0.000392914
172	0	0.00646591	0	0	0	0	0.000392914
173	0	0.00646591	0	0	0	0	0.000392914
174	0	0.00646591	0	0	0	0	0.000392914
175	0	0.00646591	0	0	0	0	0.000392914
176	0	0.00646591	0	0	0	0	0.000408173
177	0	0.00646591	0	0	0	0	0.000408173
178	0	0.00646591	0	0	0	0	0.000408173
179	0	0.00646591	0	0	0	0	0.000408173
180	0	0.00646591	0	0	0	0	0.000408173
181	0	0.00646591	0	0	0	0	0.000408173
182	0	0.00646591	0	0	0	0	0.000423431
183	0	0.00646591	0	0	0	0	0.000423431
184	0	0.00646591	0	0	0	0	0.000423431
185	0	0.00646591	0	0	0	0	0.000423431
186	0	0.00646591	0	0	0	0	0.000423431
187	0	0.00646591	0	0	0	0	0.000423431
188	0	0.00646591	0	0	0	0	0.00043869
189	0	0.00646591	0	0	0	0	0.00043869
190	0	0.00646591	0	0	0	0	0.00043869
191	0	0.00646591	0	0	0	0	0.00043869
192	0	0.00646591	0	0	0	0	0.00043869
193	0	0.00646591	0	0	0	0	0.000453949
194	0	0.00646591	0	0	0	0	0.000453949
195	0	0.00646591	0	0	0	0	0.000453949
196	0	0.00646591	0	0	0	0	0.000453949
197	0	0.00646591	0	0	0	0	0.000453949
198	0	0.00646591	0	0	0	0	0.000469208
199	0	0.00646591	0	0	0	0	0.000469208
200	0	0.00646591	0	0	0	0	0.000469208
201	0	0.00646591	0	0	0	0	0.000469208
202	0	0.00646591	0	0	0	0	0.000469208
203	0	0.00646591	0	0	3.8147e-06	0	0.000484467
204	0	0.00646591	8.7738e-05	0	3.8147e-06	0	0.000484467
205	0	0.00646591	0.000228882	0	3.8147e-06	0	0.000514984
206	0	0.00646591	0	0	0.00082016	0	0.000514984
207	0	0.00646591	0	0	0.00082016	0.000240326	0.000545502
208	0	0.00646591	0	0	0.00082016	0.00143433	0.00056076
209	0	0.00646591	0	0	0.00391006	3.8147e-06	0.00056076
210	0	0.00646591	0	0	0.00496292	0	0.00056076
211	0	0.00646591	0	0	0.00502014	0	0.00056076
212	0	0.00646591	0	0	0.00527191	0	0.00056076
213	0	0.00646591	0	0	0.0136261	0	0.00056076
214	0	0.00646591	0	0	0.0212173	0	0.00056076
215	0	0.00646591	0	0	0.0235443	0	0.00056076
216	0	0.0300102	0	0	0	0	0.00056076
217	0	0.0300102	0	0	0	0	0.00056076
218	0	0.0300102	0	0	0	0	0.00056076
219	0	0.0300102	0	0	0	0	0.00056076
220	0	0.0300102	0	0	0	0	0.00056076
221	0	0.0300102	0	0	0	0	0.000564575
222	0	0.0300102	0	0	0	0	0.00056839
223	0	0.0300102	0	0	0	0	0.00056839
224	0	0.0300102	0	0	0	0	0.00056839
225	0	0.0300102	0	0	0	0	0.00056839
226	0	0.0300102	0	0	0	0	0.00056839
227	0	0.0300102	0	0	0	0	0.00056839
228	0	0.0300102	0	0	0	0	0.00056839
229	0	0.0300102	0	0	0	0	0.000572205
230	0	0.0300102	0	0	0	0	0.000572205
231	0	0.0300102	0	0	0	0	0.000572205
232	0	0.0300102	0	0	0	0	0.000572205
233	0	0.0300102	0	0	0	0	0.000572205
234	0	0.0300102	0	0	0	0	0.000572205
235	0	0.0300102	0	0	0	0	0.000572205
236	0	0.0300102	0	0	0	0	0.000572205
237	0	0.0300102	0	0	0	0	0.000572205
238	0	0.0300102	0	0	0	0	0.000572205
239	0	0.0300102	0	0	0	0	0.000587463
240	0	0.0300102	0	0	0	0	0.000587463
241	0	0.0300102	0	0	0	0	0.000587463
242	0	0.0300102	0	0	0	0	0.000587463
243	0	0.0300102	0	0	0	0	0.000587463
244	0	0.0300102	0	0	0	0	0.000587463
245	0	0.0300102	0	0	0	0	0.000587463
246	0	0.0300102	0	0	0	0	0.000587463
247	0	0.0300102	0	0	0	0	0.000587463
248	0	0.0300102	0	0	0	0	0.000587463
249	0	0.0300102	0	0	0	0	0.000587463
250	0	0.0300102	0	0	0	0	0.000587463
251	0	0.0300102	0	0	0	0	0.000587463
252	0	0.0300102	0	0	0	0	0.000587463
253	0	0.0300102	0	0	0	0	0.000587463
254	0	0.0300102	0	0	0	0	0.000587463
255	0	0.0300102	0	0	0	0	0.000587463
256	0	0.0300102	0	0	0	0	0.000587463
257	0	0.0300102	0	0	0	0	0.000587463
258	0	0.0300102	0	0	0	0	0.000587463
259	0	0.0300102	0	0	0	0	0.000587463
260	0	0.0300102	0	0	0	0	0.000587463
261	0	0.0300102	0	0	0	0	0.000587463
262	0	0.0300102	0	0	0	0	0.000587463
263	0	0.0300102	0	0	0	0	0.000587463
264	0	0.0300102	0	0	0	0	0.000602722
265	0	0.0300102	0	0	0	0	0.000602722
266	0	0.0300102	0	0	0	0	0.000602722
267	0	0.0300102	0	0	0	0	0.000602722
268	0	0.0300102	0	0	0	0	0.000602722
269	0	0.0300102	0	0	0	0	0.000602722
270	0	0.0300102	0	0	0	0	0.000617981
271	0	0.0300102	0	0	0	0	0.000617981
272	0	0.0300102	0	0	0	0	0.000617981
273	0	0.0300102	0	0	0	0	0.000617981
274	0	0.0300102	0	0	0	0	0.000617981
275	0	0.0300102	0	0	0	0	0.000617981
276	0	0.0300102	0	0	0	0	0.00063324
277	0	0.0300102	0	0	0	0	0.00063324
278	0	0.0300102	0	0	0	0	0.000637054
279	0	0.0300102	0	0	0	0	0.000637054
280	0	0.0300102	0	0	0	0	0.000637054
281	0	0.0300102	0	0	0	0	0.000637054
282	0	0.0300102	0	0	0	0	0.000652313
283	0	0.0300102	0	0	0	0	0.000652313
284	0	0.0300102	0	0	0	0	0.000652313
285	0	0.0300102	0	0	0	0	0.000652313
286	0	0.0300102	0	0	0	0	0.000652313
287	0	0.0300102	0	0	0	0	0.000652313
288	0	0.0300102	0	0	0	0	0.000667572
289	0	0.0300102	0	0	0	0	0.000667572
290	0	0.0300102	0	0	0	0	0.000667572
291	0	0.0300102	0	0	0	0	0.000667572
292	0	0.0300102	0	0	0	0	0.000667572
293	0	0.0300102	0	0	0	0	0.000667572
294	0	0.0300102	0	0	0	0	0.000682831
295	0	0.0300102	0	0	0	0	0.000682831
296	0	0.0300102	0	0	0	0	0.000682831
297	0	0.0300102	0	0	0	0	0.000682831
298	0	0.0300102	0	0	0	0	0.000682831
299	0	0.0300102	0	0	0	0	0.000682831
300	0	0.0300102	0	0	0	0	0.00069809
301	0	0.0300102	0	0	0	0	0.00069809
302	0	0.0300102	0	0	0	0	0.00069809
303	0	0.0300102	0	0	0	0	0.00069809
304	0	0.0300102	0	0	0	0	0.00069809
305	0	0.0300102	0	0	0	0	0.00069809
306	0	0.0300102	0	0	0	0	0.000713348
307	0	0.0300102	0	0	0	0	0.000713348
308	0	0.0300102	0	0	0	0	0.000713348
309	0	0.0300102	0	0	0	0	0.000713348
310	0	0.0300102	0	0	0	0	0.000713348
311	0	0.0300102	0	0	0	0	0.000713348
312	0	0.0300102	0	0	0	0	0.000728607
313	0	0.0300102	0	0	0	0	0.000728607
314	0	0.0300102	0	0	0	0	0.000728607
315	0	0.0300102	0	0	0	0	0.000728607
316	0	0.0300102	0	0	0	0	0.000728607
317	0	0.0300102	0	0	0	0	0.000728607
318	0	0.0300102	0	0	0	0	0.000743866
319	0	0.0300102	0	0	0	0	0.000743866
320	0	0.0300102	0	0	0	0	0.000743866
321	0	0.0300102	0	0	0	0	0.000743866
322	0	0.0300102	0	0	0	0	0.000743866
323	0	0.0300102	0	0	0	0	0.000743866
324	0	0.0300102	0	0	0	0	0.000759125
325	0	0.0300102	0	0	0	0	0.000759125
326	0	0.0300102	0	0	0	0	0.000759125
327	0	0.0300102	0	0	0	0	0.000759125
328	0	0.0300102	0	0	0	0	0.000759125
329	0	0.0300102	0	0	0	0	0.000759125
330	0	0.0300102	0	0	0	0	0.000774384
331	0	0.0300102	0	0	0	0	0.000774384
332	0	0.0300102	0	0	0	0	0.000774384
333	0	0.0300102	0	0	0	0	0.000774384
334	0	0.0300102	0	0	0	0	0.000774384
335	0	0.0300102	0	0	0	0	0.000778198
336	0	0.0300102	0	0	0	0	0.000793457
337	0	0.0300102	0	0	0	0	0.000793457
338	0	0.0300102	0	0	0	0	0.000793457
339	0	0.0300102	0	0	0	0	0.000793457
340	0	0.0300102	0	0	0	0	0.000793457
341	0	0.0300102	0	0	0	0	0.000793457
342	0	0.0300102	0	0	0	0	0.000808716
343	0	0.0300102	0	0	0	0	0.000812531
344	0	0.0300102	0	0	0	0	0.000812531
345	0	0.0300102	0	0	0	0	0.000812531
346	0	0.0300102	0	0	0	0	0.000812531
347	0	0.0300102	0	0	0	0	0.000812531
348	0	0.0300102	0	0	0	0	0.000827789
349	0	0.0300102	0	0	0	0	0.000827789
350	0	0.0300102	0	0	0	0	0.000827789
351	0	0.0300102	0	0	0	0	0.000827789
352	0	0.0300102	0	0	0	0	0.000827789
353	0	0.0300102	0	0	0	0	0.000827789
354	0	0.0300102	0	0	0	0	0.000843048
355	0	0.0300102	0	0	0	0	0.000843048
356	0	0.0300102	0	0	0	0	0.000843048
357	0	0.0300102	0	0	0	0	0.000843048
358	0	0.0300102	0	0	0	0	0.000843048
359	0	0.0300102	0	0	0	0	0.000843048
360	0	0.0300102	0	0	0	0	0.000858307
361	0	0.0300102	0	0	0	0	0.000858307
362	0	0.0300102	0	0	0	0	0.000858307
363	0	0.0300102	0	0	0	0	0.000858307
364	0	0.0300102	0	0	0	0	0.000858307
365	0	0.0300102	0	0	0	0	0.000873566
366	0	0.0300102	0	0	0	0	0.000873566
367	0	0.0300102	0	0	0	0	0.000873566
368	0	0.0300102	0	0	0	0	0.000873566
369	0	0.0300102	0	0	0	0	0.000873566
370	0	0.0300102	0	0	0	0	0.000888824
371	0	0.0300102	0	0	0	0	0.000892639
372	0	0.0300102	0	0	0	0	0.000892639
373	0	0.0300102	0	0	0	0	0.000896454
374	0	0.0300102	0	0	0	0	0.000896454
375	0	0.0300102	0	0	0	0	0.000911713
376	0	0.0300102	0	0	0	0	0.000911713
377	0	0.0300102	0	0	0	0	0.000911713
378	0	0.0300102	0	0	0	0	0.000911713
379	0	0.0300102	0	0	0	0	0.000911713
380	0	0.0300102	0	0	0	0	0.000911713
381	0	0.0300102	0	0	0	0	0.000926971
382	0	0.0300102	0	0	0	0	0.000926971
383	0	0.0300102	0	0	0	0	0.000926971
384	0	0.0300102	0	0	0	0	0.000926971
385	0	0.0300102	0	0	0	0	0.000926971
386	0	0.0300102	0	0	0	0	0.00094223
387	0	0.0300102	0	0	0	0	0.00094223
388	0	0.0300102	0	0	0	0	0.00094223
389	0	0.0300102	0	0	0	0	0.00094223
390	0	0.0300102	0	0	0	0	0.00094223
391	0	0.0300102	0	0	0	0	0.00094223
392	0	0.0300102	0	0	0	0	0.000957489
393	0	0.0300102	0	0	0	0	0.000957489
394	0	0.0300102	0	0	0	0	0.000957489
395	0	0.0300102	0	0	0	0	0.000957489
396	0	0.0300102	0	0	0	0	0.000957489
397	0	0.0300102	0	0	0	0	0.000957489
398	0	0.0300102	0	0	0	0	0.000972748
399	0	0.0300102	0	0	0	0	0.000972748
400	0	0.0300102	0	0	0	0	0.000972748
401	0	0.0300102	0	0	0	0	0.000972748
402	0	0.0300102	0	0	0	0	0.000972748
403	0	0.0300102	0	0	0	0	0.000972748
404	0	0.0300102	0	0	0	0	0.000988007
405	0	0.0300102	0	0	0	0	0.000988007
406	0	0.0300102	0	0	0	0	0.000988007
407	0	0.0300102	0	0	0	0	0.000988007
408	0	0.0300102	0	0	0	0	0.000988007
409	0	0.0300102	0	0	0	0	0.000988007
410	0	0.0300102	0	0	0	0	0.00100327
411	0	0.0300102	0	0	0	0	0.00100327
412	0	0.0300102	0	0	0	0	0.00100327
413	0	0.0300102	0	0	0	0	0.00100327
414	0	0.0300102	0	0	0	0	0.00100327
415	0	0.0300102	0	0	0	0	0.00100327
416	0	0.0300102	0	0	0	0	0.00101852
417	0	0.0300102	0	0	0	0	0.00101852
418	0	0.0300102	0	0	0	0	0.00101852
419	0	0.0300102	0	0	0	0	0.00101852
420	0	0.0300102	0	0	0	0	0.00101852
421	0	0.0300102	0	0	0	0	0.00103378
422	0	0.0300102	0	0	0	0	0.00103378
423	0	0.0300102	0	0	0	0	0.00103378
424	0	0.0300102	0	0	0	0	0.00103378
425	0	0.0300102	0	0	0	0	0.00103378
426	0	0.0300102	0	0	0	0	0.00103378
427	0	0.0300102	0	0	0	0	0.00104904
428	0	0.0300102	0	0	0	0	0.00104904
429	0	0.0300102	0	0	0	0	0.00104904
430	0	0.0300102	0	0	0	0	0.00104904
431	0	0.0300102	0	0	0	0	0.00104904
432	0	0.0300102	0	0	0	0	0.00104904
433	0	0.0300102	0	0	0	0	0.0010643
434	0	0.0300102	0	0	0	0	0.0010643
435	0	0.0300102	0	0	0	0	0.0010643
436	0	0.0300102	0	0	0	0	0.0010643
437	0	0.0300102	0	0	0	0	0.0010643
438	0	0.0300102	0	0	0	0	0.0010643
439	0	0.0300102	0	0	0	0	0.00107956
440	0	0.0300102	0	0	0	0	0.00107956
441	0	0.0300102	0	0	0	0	0.00107956
442	0	0.0300102	0	0	0	0	0.00107956
443	0	0.0300102	0	0	0	0	0.00107956
444	0	0.0300102	0	0	0	0	0.00107956
445	0	0.0300102	0	0	0	0	0.00109482
446	0	0.0300102	0	0	0	0	0.00109482
447	0	0.0300102	0	0	0	0	0.00109482
448	0	0.0300102	0	0	0	0	0.00109482
449	0	0.0300102	0	0	0	0	0.00109482
450	0	0.0300102	0	0	0	0	0.00109863
451	0	0.0300102	0	0	0	0	0.00111389
452	0	0.0300102	0	0	0	0	0.00111389
453	0	0.0300102	0	0	0	0	0.00111389
454	0	0.0300102	0	0	0	0	0.00111389
455	0	0.0300102	0	0	0	0	0.00111389
456	0	0.0300102	0	0	0	0	0.00111389
457	0	0.0300102	0	0	0	0	0.00112915
458	0	0.0300102	0	0	0	0	0.00113297
459	0	0.0300102	0	0	0	0	0.00113297
460	0	0.0300102	0	0	0	0	0.00113297
461	0	0.0300102	0	0	0	0	0.00113297
462	0	0.0300102	0	0	0	0	0.00113297
463	0	0.0300102	0	0	0	0	0.00114822
464	0	0.0300102	0	0	0	0	0.00115204
465	0	0.0300102	0	0	0	0	0.00115204
466	0	0.0300102	0	0	0	0	0.00115204
467	0	0.0300102	0	0	0	0	0.00115204
468	0	0.0300102	0	0	0	0	0.0011673
469	0	0.0300102	0	0	0	0	0.0011673
470	0	0.0300102	0	0	0	0	0.0011673
471	0	0.0300102	0	0	0	0	0.0011673
472	0	0.0300102	0	0	0	0	0.0011673
473	0	0.0300102	0	0	0	0	0.00118256
474	0	0.0300102	0	0	0	0	0.00118256
475	0	0.0300102	0	0	0	0	0.00118256
476	0	0.0300102	0	0	0	0	0.00118256
477	0	0.0300102	0	0	0	0	0.00118256
478	0	0.0300102	0	0	0	0	0.00118256
479	0	0.0300102	0	0	0	0	0.00119781
480	0	0.0300102	0	0	0	0	0.00119781
481	0	0.0300102	0	0	0	0	0.00119781
482	0	0.0300102	0	0	0	0	0.00119781
483	0	0.0300102	0	0	0	0	0.00119781
484	0	0.0300102	0	0	0	0	0.00119781
485	0	0.0300102	0	0	0	0	0.00121307
486	0	0.0300102	0	0	0	0	0.00121307
487	0	0.0300102	0	0	0	0	0.00121307
488	0	0.0300102	0	0	0	0	0.00121307
489	0	0.0300102	0	0	0	0	0.00121307
490	0	0.0300102	0	0	0	0	0.00122833
491	0	0.0300102	0	0	0	0	0.00122833
492	0	0.0300102	0	0	0	0	0.00122833
493	0	0.0300102	0	0	0	0	0.00122833
494	0	0.0300102	0	0	0	0	0.00122833
495	0	0.0300102	0	0	0	0	0.00124359
496	0	0.0300102	0	0	0	0	0.00124359
497	0	0.0300102	0	0	0	0	0.00124359
498	0	0.0300102	0	0	0	0	0.00124359
499	0	0.0300102	0	0	0	0	0.00124359
500	0	0.0300102	0	0	0	0	0.00125885
501	0	0.0300102	0	0	0	0	0.00125885
502	0	0.0300102	0	0	0	0	0.00125885
503	0	0.0300102	0	0	0	0	0.00125885
504	0	0.0300102	0	0	0	0	0.00125885
505	0	0.0300102	0	0	0	0	0.00125885
506	0	0.0300102	0	0	0	0	0.00127411
507	0	0.0300102	0	0	0	0	0.00127411
508	0	0.0300102	0	0	0	0	0.00127411
509	0	0.0300102	0	0	0	0	0.00127411
510	0	0.0300102	0	0	0	0	0.00127411
511	0	0.0300102	0	0	0	0	0.00127411
512	0	0.0300102	0	0	0	0	0.00128937
513	0	0.0300102	0	0	0	0	0.00128937
514	0	0.0300102	0	0	0	0	0.00128937
515	0	0.0300102	0	0	0	0	0.00128937
516	0	0.0300102	0	0	0	0	0.00128937
517	0	0.0300102	0	0	0	0	0.00128937
518	0	0.0300102	0	0	0	0	0.00130463
519	0	0.0300102	0	0	0	0	0.00130463
520	0	0.0300102	0	0	0	0	0.00130463
521	0	0.0300102	0	0	0	0	0.00130463
522	0	0.0300102	0	0	0	0	0.00130463
523	0	0.0300102	0	0	0	0	0.00130463
524	0	0.0300102	0	0	0	0	0.00131989
525	0	0.0300102	0	0	0	0	0.0013237
526	0	0.0300102	0	0	0	0	0.0013237
527	0	0.0300102	0	0	0	0	0.0013237
528	0	0.0300102	0	0	0	0	0.0013237
529	0	0.0300102	0	0	0	0	0.00133896
530	0	0.0300102	0	0	0	0	0.00133896
531	0	0.0300102	0	0	0	0	0.00133896
532	0	0.0300102	0	0	0	0	0.00133896
533	0	0.0300102	0	0	0	0	0.00133896
534	0	0.0300102	0	0	0	0	0.00133896
535	0	0.0300102	0	0	0	0	0.00135422
536	0	0.0300102	0	0	0	0	0.00135422
537	0	0.0300102	0	0	0	0	0.00135422
538	0	0.0300102	0	0	0	0	0.00135422
539	0	0.0300102	0	0	0	0	0.00135422
540	0	0.0300102	0	0	0	0	0.00135422
541	0	0.0300102	0	0	0	0	0.00136948
542	0	0.0300102	0	0	0	0	0.00136948
543	0	0.0300102	0	0	0	0	0.00136948
544	0	0.0300102	0	0	0	0	0.00136948
545	0	0.0300102	0	0	0	0	0.00136948
546	0	0.0300102	0	0	0	0	0.00136948
547	0	0.0300102	0	0	0	0	0.00138474
548	0	0.0300102	0	0	0	0	0.00138474
549	0	0.0300102	0	0	0	0	0.00138474
550	0	0.0300102	0	0	0	0	0.00138474
551	0	0.0300102	0	0	0	0	0.00138474
552	0	0.0300102	0	0	0	0	0.00138474
553	0	0.0300102	0	0	0	0	0.00139999
554	0	0.0300102	0	0	0	0	0.00139999
555	0	0.0300102	0	0	0	0	0.00139999
556	0	0.0300102	0	0	0	0	0.00139999
557	0	0.0300102	0	0	0	0	0.00140381
558	0	0.0300102	0	0	0	0	0.00140381
559	0	0.0300102	0	0	0	0	0.00141907
560	0	0.0300102	0	0	0	0	0.00141907
561	0	0.0300102	0	0	0	0	0.00141907
562	0	0.0300102	0	0	0	0	0.00141907
563	0	0.0300102	0	0	0	0	0.00141907
564	0	0.0300102	0	0	0	0	0.00141907
565	0	0.0300102	0	0	0	0	0.00143433
566	0	0.0300102	0	0	0	0	0.00143433
567	0	0.0300102	0	0	0	0	0.00143433
568	0	0.0300102	0	0	0	0	0.00143814
569	0	0.0300102	0	0	0	0	0.00143814
570	0	0.0300102	0	0	0	0	0.0014534
571	0	0.0300102	0	0	0	0	0.0014534
572	0	0.0300102	0	0	0	0	0.00145721
573	0	0.0300102	0	0	0	0	0.00145721
574	0	0.0300102	0	0	0	0	0.00145721
575	0	0.0300102	0	0	0	0	0.00147247
576	0	0.0300102	0	0	0	0	0.00147247
577	0	0.0300102	0	0	0	0	0.00147247
578	0	0.0300102	0	0	0	0	0.00147247
579	0	0.0300102	0	0	0	0	0.00147247
580	0	0.0300102	0	0	0	0	0.00148773
581	0	0.0300102	0	0	0	0	0.00148773
582	0	0.0300102	0	0	0	0	0.00148773
583	0	0.0300102	0	0	0	0	0.00148773
584	0	0.0300102	0	0	0	0	0.00148773
585	0	0.0300102	0	0	0	0	0.00150299
586	0	0.0300102	0	0	0	0	0.00150299
587	0	0.0300102	0	0	0	0	0.00150299
588	0	0.0300102	0	0	0	0	0.00150299
589	0	0.0300102	0	0	0	0	0.00150299
590	0	0.0300102	0	0	0	0	0.00151825
591	0	0.0300102	0	0	0	0	0.00151825
592	0	0.0300102	0	0	0	0	0.00151825
593	0	0.0300102	0	0	0	0	0.00151825
594	0	0.0300102	0	0	0	0	0.00151825
595	0	0.0300102	0	0	0	0	0.00153351
596	0	0.0300102	0	0	0	0	0.00153351
597	0	0.0300102	0	0	0	0	0.00153351
598	0	0.0300102	0	0	0	0	0.00153351
599	0	0.0300102	0	0	0	0	0.00153351
600	0	0.0300102	0	0	0	0	0.00153351
601	0	0.0300102	0	0	0	0	0.00154877
602	0	0.0300102	0	0	0	0	0.00154877
603	0	0.0300102	0	0	0	0	0.00154877
604	0	0.0300102	0	0	0	0	0.00154877
605	0	0.0300102	0	0	0	0	0.00154877
606	0	0.0300102	0	0	0	0	0.00154877
607	0	0.0300102	0	0	0	0	0.00156403
608	0	0.0300102	0	0	0	0	0.00156403
609	0	0.0300102	0	0	0	0	0.00156403
610	0	0.0300102	0	0	0	0	0.00156403
611	0	0.0300102	0	0	0	0	0.00156403
612	0	0.0300102	0	0	0	0	0.00156403
613	0	0.0300102	0	0	0	0	0.00157928
614	0	0.0300102	0	0	0	0	0.00157928
615	0	0.0300102	0	0	0	0	0.00157928
616	0	0.0300102	0	0	0	0	0.00157928
617	0	0.0300102	0	0	0	0	0.00157928
618	0	0.0300102	0	0	0	0	0.00157928
619	0	0.0300102	0	0	0	0	0.00159454
620	0	0.0300102	0	0	0	0	0.00159454
621	0	0.0300102	0	0	0	0	0.00159454
622	0	0.0300102	0	0	0	0	0.00159454
623	0	0.0300102	0	0	0	0	0.00159454
624	0	0.0300102	0	0	0	0	0.00159454
625	0	0.0300102	0	0	0	0	0.0016098
626	0	0.0300102	0	0	0	0	0.0016098
627	0	0.0300102	0	0	0	0	0.0016098
628	0	0.0300102	0	0	0	0	0.0016098
629	0	0.0300102	0	0	0	0	0.0016098
630	0	0.0300102	0	0	0	0	0.0016098
631	0	0.0300102	0	0	0	0	0.00162506
632	0	0.0300102	0	0	0	0	0.00162506
633	0	0.0300102	0	0	0	0	0.00162506
634	0	0.0300102	0	0	0	0	0.00162506
635	0	0.0300102	0	0	0	0	0.00162506
636	0	0.0300102	0	0	0	0	0.00162506
637	0	0.0300102	0	0	0	0	0.00164032
638	0	0.0300102	0	0	0	0	0.00164032
639	0	0.0300102	0	0	0	0	0.00164032
640	0	0.0300102	0	0	0	0	0.00164032
641	0	0.0300102	0	0	0	0	0.00164032
642	0	0.0300102	0	0	0	0	0.00164032
643	0	0.0300102	0	0	0	0	0.00165558
644	0	0.0300102	0	0	0	0	0.00165558
645	0	0.0300102	0	0	0	0	0.00165558
646	0	0.0300102	0	0	0	0	0.00165558
647	0	0.0300102	0	0	0	0	0.00165558
648	0	0.0300102	0	0	0	0	0.00165558
649	0	0.0300102	0	0	0	0	0.00167084
650	0	0.0300102	0	0	0	0	0.00167465
651	0	0.0300102	0	0	0	0	0.00167465
652	0	0.0300102	0	0	0	0	0.00167465
653	0	0.0300102	0	0	0	0	0.00167465
654	0	0.0300102	0	0	0	0	0.00168991
655	0	0.0300102	0	0	0	0	0.00168991
656	0	0.0300102	0	0	0	0	0.00168991
657	0	0.0300102	0	0	0	0	0.00168991
658	0	0.0300102	0	0	0	0	0.00168991
659	0	0.0300102	0	0	0	0	0.00170517
660	0	0.0300102	0	0	0	0	0.00170517
661	0	0.0300102	0	0	0	0	0.00170517
662	0	0.0300102	0	0	0	0	0.00170517
663	0	0.0300102	0	0	0	0	0.00170517
664	0	0.0300102	0	0	0	0	0.00170517
665	0	0.0300102	0	0	0	0	0.00172043
666	0	0.0300102	0	0	0	0	0.00172043
667	0	0.0300102	0	0	0	0	0.00172043
668	0	0.0300102	0	0	0	0	0.00172043
669	0	0.0300102	0	0	0	0	0.00172043
670	0	0.0300102	0	0	0	0	0.00172043
671	0	0.0300102	0	0	0	0	0.00173569
672	0	0.0300102	0	0	0	0	0.00173569
673	0	0.0300102	0	0	0	0	0.00173569
674	0	0.0300102	0	0	0	0	0.00173569
675	0	0.0300102	0	0	0	0	0.00173569
676	0	0.0300102	0	0	0	0	0.00173569
677	0	0.0300102	0	0	0	0	0.00175476
678	0	0.0300102	0	0	0	0	0.00175476
679	0	0.0300102	0	0	0	0	0.00175476
680	0	0.0300102	0	0	0	0	0.00175476
681	0	0.0300102	0	0	0	0	0.00175476
682	0	0.0300102	0	0	0	0	0.00175476
683	0	0.0300102	0	0	0	0	0.00177002
684	0	0.0300102	0	0	0	0	0.00177002
685	0	0.0300102	0	0	0	0	0.00177383
686	0	0.0300102	0	0	0	0	0.00177383
687	0	0.0300102	0	0	0	0	0.00177765
688	0	0.0300102	0	0	0	0	0.00179291
689	0	0.0300102	0	0	0	0	0.00179291
690	0	0.0300102	0	0	0	0	0.00179291
691	0	0.0300102	0	0	0	0	0.00179291
692	0	0.0300102	0	0	0	0	0.00179291
693	0	0.0300102	0	0	0	0	0.00180817
694	0	0.0300102	0	0	0	0	0.00180817
695	0	0.0300102	0	0	0	0	0.00180817
696	0	0.0300102	0	0	0	0	0.00180817
697	0	0.0300102	0	0	0	0	0.00180817
698	0	0.0300102	0	0	0	0	0.00180817
699	0	0.0300102	0	0	0	0	0.00182343
700	0	0.0300102	0	0	0	0	0.00182343
701	0	0.0300102	0	0	0	0	0.00182343
702	0	0.0300102	0	0	0	0	0.00182343
703	0	0.0300102	0	0	0	0	0.00182343
704	0	0.0300102	0	0	0	0	0.00182343
705	0	0.0300102	0	0	0	0	0.00183868
706	0	0.0300102	0	0	0	0	0.00183868
707	0	0.0300102	0	0	0	0	0.00183868
708	0	0.0300102	0	0	0	0	0.00183868
709	0	0.0300102	0	0	0	0	0.00183868
710	0	0.0300102	0	0	0	0	0.00185394
711	0	0.0300102	0	0	0	0	0.00185394
712	0	0.0300102	0	0	0	0	0.00185394
713	0	0.0300102	0	0	0	0	0.00185394
714	0	0.0300102	0	0	0	0	0.00185394
715	0	0.0300102	0	0	0	0	0.0018692
716	0	0.0300102	0	0	0	0	0.0018692
717	0	0.0300102	0	0	0	0	0.0018692
718	0	0.0300102	0	0	0	0	0.0018692
719	0	0.0300102	0	0	0	0	0.0018692
720	0	0.0300102	0	0	0	0	0.0018692
721	0	0.0300102	0	0	0	0	0.00188446
722	0	0.0300102	0	0	0	0	0.00188446
723	0	0.0300102	0	0	0	0	0.00188446
724	0	0.0300102	0	0	0	0	0.00188446
725	0	0.0300102	0	0	0	0	0.00188446
726	0	0.0300102	0	0	0	0	0.00188446
727	0	0.0300102	0	0	0	0	0.00189972
728	0	0.0300102	0	0	0	0	0.00189972
729	0	0.0300102	0	0	0	0	0.00189972
730	0	0.0300102	0	0	0	0	0.00189972
731	0	0.0300102	0	0	0	0	0.00189972
732	0	0.0300102	0	0	0	0	0.00191498
733	0	0.0300102	0	0	0	0	0.00191498
734	0	0.0300102	0	0	0	0	0.00191498
735	0	0.0300102	0	0	0	0	0.00191498
736	0	0.0300102	0	0	0	0	0.00191498
737	0	0.0300102	0	0	0	0	0.00193024
738	0	0.0300102	0	0	0	0	0.00193024
739	0	0.0300102	0	0	0	0	0.00193024
740	0	0.0300102	0	0	0	0	0.00193024
741	0	0.0300102	0	0	0	0	0.00193024
742	0	0.0300102	0	0	0	0	0.00193024
743	0	0.0300102	0	0	0	0	0.00194931
744	0	0.0300102	0	0	0	0	0.00194931
745	0	0.0300102	0	0	0	0	0.00194931
746	0	0.0300102	0	0	0	0	0.00194931
747	0	0.0300102	0	0	0	0	0.00194931
748	0	0.0300102	0	0	0	0	0.00194931
749	0	0.0300102	0	0	0	0	0.00196457
750	0	0.0300102	0	0	0	0	0.00196457
751	0	0.0300102	0	0	0	0	0.00196457
752	0	0.0300102	0	0	0	0	0.00196457
753	0	0.0300102	0	0	0	0	0.00196457
754	0	0.0300102	0	0	0	0	0.00196457
755	0	0.0300102	0	0	0	0	0.00197983
756	0	0.0300102	0	0	0	0	0.00197983
757	0	0.0300102	0	0	0	0	0.00197983
758	0	0.0300102	0	0	0	0	0.00197983
759	0	0.0300102	0	0	0	0	0.00197983
760	0	0.0300102	0	0	0	0	0.00197983
761	0	0.0300102	0	0	0	0	0.00199509
762	0	0.0300102	0	0	0	0	0.00199509
763	0	0.0300102	0	0	0	0	0.00199509
764	0	0.0300102	0	0	0	0	0.00199509
765	0	0.0300102	0	0	0	0	0.00199509
766	0	0.0300102	0	0	0	0	0.00201035
767	0	0.0300102	0	0	0	0	0.00201035
768	0	0.0300102	0	0	0	0	0.00201035
769	0	0.0300102	0	0	0	0	0.00201035
770	0	0.0300102	0	0	0	0	0.00201035
771	0	0.0300102	0	0	0	0	0.0020256
772	0	0.0300102	0	0	0	0	0.0020256
773	0	0.0300102	0	0	0	0	0.0020256
774	0	0.0300102	0	0	0	0	0.0020256
775	0	0.0300102	0	0	0	0	0.0020256
776	0	0.0300102	0	0	0	0	0.0020256
777	0	0.0300102	0	0	0	0	0.00204086
778	0	0.0300102	0	0	0	0	0.00204086
779	0	0.0300102	0	0	0	0	0.00204086
780	0	0.0300102	0	0	0	0	0.00204086
781	0	0.0300102	0	0	0	0	0.00204086
782	0	0.0300102	0	0	0	0	0.00204086
783	0	0.0300102	0	0	0	0	0.00205612
784	0	0.0300102	0	0	0	0	0.00205612
785	0	0.0300102	0	0	0	0	0.00205612
786	0	0.0300102	0	0	0	0	0.00205612
787	0	0.0300102	0	0	0	0	0.00205612
788	0	0.0300102	0	0	0	0	0.00205612
789	0	0.0300102	0	0	0	0	0.00207138
790	0	0.0300102	0	0	0	0	0.00207138
791	0	0.0300102	0	0	0	0	0.00207138
792	0	0.0300102	0	0	0	0	0.00207138
793	0	0.0300102	0	0	0	0	0.00207138
794	0	0.0300102	0	0	0	0	0.00207138
795	0	0.0300102	0	0	0	0	0.00208664
796	0	0.0300102	0	0	0	0	0.00208664
797	0	0.0300102	0	0	0	0	0.00208664
798	0	0.0300102	0	0	0	0	0.00208664
799	0	0.0300102	0	0	0	0	0.00208664
800	0	0.0300102	0	0	0	0	0.00208664
801	0	0.0300102	0	0	0	0	0.00210571
802	0	0.0300102	0	0	0	0	0.00210953
803	0	0.0300102	0	0	0	0	0.00210953
804	0	0.0300102	0	0	0	0	0.00210953
805	0	0.0300102	0	0	0	0	0.00210953
806	0	0.0300102	0	0	0	0	0.00210953
807	0	0.0300102	0	0	0	0	0.00212479
808	0	0.0300102	0	0	0	0	0.00212479
809	0	0.0300102	0	0	0	0	0.00212479
810	0	0.0300102	0	0	0	0	0.00212479
811	0	0.0300102	0	0	0	0	0.00212479
812	0	0.0300102	0	0	0	0	0.00214005
813	0	0.0300102	0	0	0	0	0.00214005
814	0	0.0300102	0	0	0	0	0.00214005
815	0	0.0300102	0	0	0	0	0.00214005
816	0	0.0300102	0	0	0	0	0.00214005
817	0	0.0300102	0	0	0	0	0.00214005
818	0	0.0300102	0	0	0	0	0.0021553
819	0	0.0300102	0	0	0	0	0.0021553
820	0	0.0300102	0	0	0	0	0.0021553
821	0	0.0300102	0	0	0	0	0.0021553
822	0	0.0300102	0	0	0	0	0.0021553
823	0	0.0300102	0	0	0	0	0.0021553
824	0	0.0300102	0	0	0	0	0.00217056
825	0	0.0300102	0	0	0	0	0.00217056
826	0	0.0300102	0	0	0	0	0.00217056
827	0	0.0300102	0	0	0	0	0.00217056
828	0	0.0300102	0	0	0	0	0.00217438
829	0	0.0300102	0	0	0	0	0.00217438
830	0	0.0300102	0	0	0	0	0.00218964
831	0	0.0300102	0	0	0	0	0.00218964
832	0	0.0300102	0	0	0	0	0.00218964
833	0	0.0300102	0	0	0	0	0.00218964
834	0	0.0300102	0	0	0	0	0.00218964
835	0	0.0300102	0	0	0	0	0.00218964
836	0	0.0300102	0	0	0	0	0.00220871
837	0	0.0300102	0	0	0	0	0.00220871
838	0	0.0300102	0	0	0	0	0.00220871
839	0	0.0300102	0	0	0	0	0.00220871
840	0	0.0300102	0	0	0	0	0.00220871
841	0	0.0300102	0	0	0	0	0.00220871
842	0	0.0300102	0	0	0	0	0.00222397
843	0	0.0300102	0	0	0	0	0.00222397
844	0	0.0300102	0	0	0	0	0.00222397
845	0	0.0300102	0	0	0	0	0.00222397
846	0	0.0300102	0	0	0	0	0.00222397
847	0	0.0300102	0	0	0	0	0.00223923
848	0	0.0300102	0	0	0	0	0.00223923
849	0	0.0300102	0	0	0	0	0.00223923
850	0	0.0300102	0	0	0	0	0.00223923
851	0	0.0300102	0	0	0	0	0.00223923
852	0	0.0300102	0	0	0	0	0.00223923
853	0	0.0300102	0	0	0	0	0.00225449
854	0	0.0300102	0	0	0	0	0.00225449
855	0	0.0300102	0	0	0	0	0.00225449
856	0	0.0300102	0	0	0	0	0.00225449
857	0	0.0300102	0	0	0	0	0.00225449
858	0	0.0300102	0	0	0	0	0.00225449
859	0	0.0300102	0	0	0	0	0.00226974
860	0	0.0300102	0	0	0	0	0.00226974
861	0	0.0300102	0	0	0	0	0.00226974
862	0	0.0300102	0	0	0	0	0.00226974
863	0	0.0300102	0	0	0	0	0.00226974
864	0	0.0300102	0	0	0	0	0.00226974
865	0	0.0300102	0	0	0	0	0.002285
866	0	0.0300102	0	0	0	0	0.002285
867	0	0.0300102	0	0	0	0	0.002285
868	0	0.0300102	0	0	0	0	0.002285
869	0	0.0300102	0	0	0	0	0.002285
870	0	0.0300102	0	0	0	0	0.002285
871	0	0.0300102	0	0	0	0	0.00230026
872	0	0.0300102	0	0	0	0	0.00230026
873	0	0.0300102	0	0	0	0	0.00230026
874	0	0.0300102	0	0	0	0	0.00230026
875	0	0.0300102	0	0	0	0	0.00230026
876	0	0.0300102	0	0	0	0	0.00230026
877	0	0.0300102	0	0	0	0	0.00231552
878	0	0.0300102	0	0	0	0	0.00231552
879	0	0.0300102	0	0	0	0	0.00231552
880	0	0.0300102	0	0	0	0	0.00231552
881	0	0.0300102	0	0	0	0	0.00231552
882	0	0.0300102	0	0	0	0	0.00231552
883	0	0.0300102	0	0	0	0	0.00233078
884	0	0.0300102	0	0	0	0	0.00233078
885	0	0.0300102	0	0	0	0	0.00233078
886	0	0.0300102	0	0	0	0	0.00233078
887	0	0.0300102	0	0	0	0	0.00233078
888	0	0.0300102	0	0	0	0	0.00233078
889	0	0.0300102	0	0	0	0	0.00234604
890	0	0.0300102	0	0	0	0	0.00234604
891	0	0.0300102	0	0	0	0	0.00234604
892	0	0.0300102	0	0	0	0	0.00234604
893	0	0.0300102	0	0	0	0	0.00234604
894	0	0.0300102	0	0	0	0	0.00234604
895	0	0.0300102	0	0	0	0	0.0023613
896	0	0.0300102	0	0	0	0	0.0023613
897	0	0.0300102	0	0	0	0	0.0023613
898	0	0.0300102	0	0	0	0	0.0023613
899	0	0.0300102	0	0	0	0	0.0023613
900	0	0.0300102	0	0	0	0	0.0023613
901	0	0.0300102	0	0	0	0	0.00237656
902	0	0.0300102	0	0	0	0	0.00237656
903	0	0.0300102	0	0	0	0	0.00237656
904	0	0.0300102	0	0	0	0	0.00237656
905	0	0.0300102	0	0	0	0	0.00237656
906	0	0.0300102	0	0	0	0	0.00237656
907	0	0.0300102	0	0	0	0	0.00239182
908	0	0.0300102	0	0	0	0	0.00239182
909	0	0.0300102	0	0	0	0	0.00239182
910	0	0.0300102	0	0	0	0	0.00239182
911	0	0.0300102	0	0	0	0	0.00239182
912	0	0.0300102	0	0	0	0	0.00239182
913	0	0.0300102	0	0	0	0	0.00240707
914	0	0.0300102	0	0	0	0	0.00240707
915	0	0.0300102	0	0	0	0	0.00240707
916	0	0.0300102	0	0	0	0	0.00241089
917	0	0.0300102	0	0	0	0	0.00241089
918	0	0.0300102	0	0	0	0	0.00241089
919	0	0.0300102	0	0	0	0	0.00242615
920	0	0.0300102	0	0	0	0	0.00242996
921	0	0.0300102	0	0	0	0	0.00242996
922	0	0.0300102	0	0	0	0	0.00242996
923	0	0.0300102	0	0	0	0	0.00242996
924	0	0.0300102	0	0	0	0	0.00244522
925	0	0.0300102	0	0	0	0	0.00244522
926	0	0.0300102	0	0	0	0	0.00244522
927	0	0.0300102	0	0	0	0	0.00244522
928	0	0.0300102	0	0	0	0	0.00244522
929	0	0.0300102	0	0	0	0	0.00246048
930	0	0.0300102	0	0	0	0	0.00246429
931	0	0.0300102	0	0	0	0	0.00246429
932	0	0.0300102	0	0	0	0	0.00246429
933	0	0.0300102	0	0	0	0	0.00246429
934	0	0.0300102	0	0	0	0	0.00246429
935	0	0.0300102	0	0	0	0	0.00247955
936	0	0.0300102	0	0	0	0	0.00247955
937	0	0.0300102	0	0	0	0	0.00247955
938	0	0.0300102	0	0	0	0	0.00247955
939	0	0.0300102	0	0	0	0	0.00247955
940	0	0.0300102	0	0	0	0	0.00247955
941	0	0.0300102	0	0	0	0	0.00249481
942	0	0.0300102	0	0	0	0	0.00249481
943	0	0.0300102	0	0	0	0	0.00249481
944	0	0.0300102	0	0	0	0	0.00249481
945	0	0.0300102	0	0	0	0	0.00249481
946	0	0.0300102	0	0	0	0	0.00249481
947	0	0.0300102	0	0	0	0	0.00251007
948	0	0.0300102	0	0	0	0	0.00251007
949	0	0.0300102	0	0	0	0	0.00251007
950	0	0.0300102	0	0	0	0	0.00251007
951	0	0.0300102	0	0	0	0	0.00251007
952	0	0.0300102	0	0	0	0	0.00251007
953	0	0.0300102	0	0	0	0	0.00252533
954	0	0.0300102	0	0	0	0	0.00252533
955	0	0.0300102	0	0	0	0	0.00252533
956	0	0.0300102	0	0	0	0	0.00252533
957	0	0.0300102	0	0	0	0	0.00252533
958	0	0.0300102	0	0	0	0	0.00252533
959	0	0.0300102	0	0	0	0	0.00254059
960	0	0.0300102	0	0	0	0	0.00254059
961	0	0.0300102	0	0	0	0	0.00254059
962	0	0.0300102	0	0	0	0	0.00254059
963	0	0.0300102	0	0	0	0	0.00254059
964	0	0.0300102	0	0	0	0	0.00254059
965	0	0.0300102	0	0	0	0	0.00255585
966	0	0.0300102	0	0	0	0	0.00255585
967	0	0.0300102	0	0	0	0	0.00255585
968	0	0.0300102	0	0	0	0	0.00255585
969	0	0.0300102	0	0	0	0	0.00255585
970	0	0.0300102	0	0	0	0	0.00255585
971	0	0.0300102	0	0	0	0	0.00257111
972	0	0.0300102	0	0	0	0	0.00257111
973	0	0.0300102	0	0	0	0	0.00257111
974	0	0.0300102	0	0	0	0	0.00257111
975	0	0.0300102	0	0	0	0	0.00257111
976	0	0.0300102	0	0	0	0	0.00257111
977	0	0.0300102	0	0	0	0	0.00258636
978	0	0.0300102	0	0	0	0	0.00258636
979	0	0.0300102	0	0	0	0	0.00258636
980	0	0.0300102	0	0	0	0	0.00259018
981	0	0.0300102	0	0	0	0	0.00259018
982	0	0.0300102	0	0	0	0	0.00259018
983	0	0.0300102	0	0	0	0	0.00260544
984	0	0.0300102	0	0	0	0	0.00260544
985	0	0.0300102	0	0	0	0	0.00260544
986	0	0.0300102	0	0	0	0	0.00260544
987	0	0.0300102	0	0	0	0	0.00260544
988	0	0.0300102	0	0	0	0	0.00260544
989	0	0.0300102	0	0	0	0	0.0026207
990	0	0.0300102	0	0	0	0	0.0026207
991	0	0.0300102	0	0	0	0	0.0026207
992	0	0.0300102	0	0	0	0	0.0026207
993	0	0.0300102	0	0	0	0	0.0026207
994	0	0.0300102	0	0	0	0	0.0026207
995	0	0.0300102	0	0	0	0	0.00263596
996	0	0.0300102	0	0	0	0	0.00263596
997	0	0.0300102	0	0	0	0	0.00263596
998	0	0.0300102	0	0	0	0	0.00263596
999	0	0.0300102	0	0	0	0	0.00263596
1000	0	0.0300102	0	0	0	0	0.00265121
1001	0	0.0300102	0	0	0	0	0.00265121
1002	0	0.0300102	0	0	0	0	0.00265121
1003	0	0.0300102	0	0	0	0	0.00265121
1004	0	0.0300102	0	0	0	0	0.00265121
1005	0	0.0300102	0	0	0	0	0.00265121
1006	0	0.0300102	0	0	0	0	0.00266647
1007	0	0.0300102	0	0	0	0	0.00266647
1008	0	0.0300102	0	0	0	0	0.00266647
1009	0	0.0300102	0	0	0	0	0.00266647
1010	0	0.0300102	0	0	0	0	0.00266647
1011	0	0.0300102	0	0	0	0	0.00266647
1012	0	0.0300102	0	0	0	0	0.00268173
1013	0	0.0300102	0	0	0	0	0.00268173
1014	0	0.0300102	0	0	0	0	0.00268173
1015	0	0.0300102	0	0	0	0	0.00268173
1016	0	0.0300102	0	0	0	0	0.00268173
1017	0	0.0300102	0	0	0	0	0.00268173
1018	0	0.0300102	0	0	0	0	0.00269699
1019	0	0.0300102	0	0	0	0	0.00269699
1020	0	0.0300102	0	0	0	0	0.00269699
1021	0	0.0300102	0	0	0	0	0.00269699
1022	0	0.0300102	0	0	0	0	0.00270081
1023	0	0.0300102	0	0	0	0	0.00270081
1024	0	0.0300102	0	0	0	0	0.00271606
1025	0	0.0300102	0	0	0	0	0.00271606
1026	0	0.0300102	0	0	0	0	0.00271606
1027	0	0.0300102	0	0	0	0	0.00271606
1028	0	0.0300102	0	0	0	0	0.00271606
1029	0	0.0300102	0	0	0	0	0.00271606
1030	0	0.0300102	0	0	0	0	0.00273514
1031	0	0.0300102	0	0	0	0	0.00273514
1032	0	0.0300102	0	0	0	0	0.00273514
1033	0	0.0300102	0	0	0	0	0.00273514
1034	0	0.0300102	0	0	0	0	0.00273514
1035	0	0.0300102	0	0	0	0	0.00273514
1036	0	0.0300102	0	0	0	0	0.00275421
1037	0	0.0300102	0	0	0	0	0.00275421
1038	0	0.0300102	0	0	0	0	0.00275421
1039	0	0.0300102	0	0	0	0	0.00275421
1040	0	0.0300102	0	0	0	0	0.00275421
1041	0	0.0300102	0	0	0	0	0.00275421
1042	0	0.0300102	0	0	0	0	0.00276947
1043	0	0.0300102	0	0	0	0	0.00276947
1044	0	0.0300102	0	0	0	0	0.00276947
1045	0	0.0300102	0	0	0	0	0.00276947
1046	0	0.0300102	0	0	0	0	0.00276947
1047	0	0.0300102	0	0	0	0	0.00276947
1048	0	0.0300102	0	0	0	0	0.00278473
1049	0	0.0300102	0	0	0	0	0.00278473
1050	0	0.0300102	0	0	0	0	0.00278473
1051	0	0.0300102	0	0	0	0	0.00278473
1052	0	0.0300102	0	0	0	0	0.00278473
1053	0	0.0300102	0	0	0	0	0.00278473
1054	0	0.0300102	0	0	0	0	0.00279999
1055	0	0.0300102	0	0	0	0	0.00279999
1056	0	0.0300102	0	0	0	0	0.00279999
1057	0	0.0300102	0	0	0	0	0.00279999
1058	0	0.0300102	0	0	0	0	0.00279999
1059	0	0.0300102	0	0	0	0	0.00279999
1060	0	0.0300102	0	0	0	0	0.00281525
1061	0	0.0300102	0	0	0	0	0.00281525
1062	0	0.0300102	0	0	0	0	0.00281525
1063	0	0.0300102	0	0	0	0	0.00281525
1064	0	0.0300102	0	0	0	0	0.00281525
1065	0	0.0300102	0	0	0	0	0.00281525
1066	0	0.0300102	0	0	0	0	0.00283051
1067	0	0.0300102	0	0	0	0	0.00283051
1068	0	0.0300102	0	0	0	0	0.00283051
1069	0	0.0300102	0	0	0	0	0.00283051
1070	0	0.0300102	0	0	0	0	0.00283051
1071	0	0.0300102	0	0	0	0	0.00283051
1072	0	0.0300102	0	0	0	0	0.00284576
1073	0	0.0300102	0	0	0	0	0.00284576
1074	0	0.0300102	0	0	0	0	0.00284576
1075	0	0.0300102	0	0	0	0	0.00284576
1076	0	0.0300102	0	0	0	0	0.00284576
1077	0	0.0300102	0	0	0	0	0.00286102
1078	0	0.0300102	0	0	0	0	0.00286102
1079	0	0.0300102	0	0	0	0	0.00286102
1080	0	0.0300102	0	0	0	0	0.00286102
1081	0	0.0300102	0	0	0	0	0.00286102
1082	0	0.0300102	0	0	0	0	0.00287628
1083	0	0.0300102	0	0	0	0	0.00287628
1084	0	0.0300102	0	0	0	0	0.00287628
1085	0	0.0300102	0	0	0	0	0.00287628
1086	0	0.0300102	0	0	0	0	0.00287628
1087	0	0.0300102	0	0	0	0	0.00287628
1088	0	0.0300102	0	0	0	0	0.00289154
1089	0	0.0300102	0	0	0	0	0.00289154
1090	0	0.0300102	0	0	0	0	0.00289154
1091	0	0.0300102	0	0	0	0	0.00289154
1092	0	0.0300102	0	0	0	0	0.00289154
1093	0	0.0300102	0	0	0	0	0.00289154
1094	0	0.0300102	0	0	0	0	0.0029068
1095	0	0.0300102	0	0	0	0	0.0029068
1096	0	0.0300102	0	0	0	0	0.0029068
1097	0	0.0300102	0	0	0	0	0.0029068
1098	0	0.0300102	0	0	0	0	0.0029068
1099	0	0.0300102	0	0	0	0	0.0029068
1100	0	0.0300102	0	0	0	0	0.00292206
1101	0	0.0300102	0	0	0	0	0.00292206
1102	0	0.0300102	0	0	0	0	0.00292206
1103	0	0.0300102	0	0	0	0	0.00292206
1104	0	0.0300102	0	0	0	0	0.00292206
1105	0	0.0300102	0	0	0	0	0.00292206
1106	0	0.0300102	0	0	0	0	0.00293732
1107	0	0.0300102	0	0	0	0	0.00293732
1108	0	0.0300102	0	0	0	0	0.00293732
1109	0	0.0300102	0	0	0	0	0.00293732
1110	0	0.0300102	0	0	0	0	0.00293732
1111	0	0.0300102	0	0	0	0	0.00293732
1112	0	0.0300102	0	0	0	0	0.00295258
1113	0	0.0300102	0	0	0	0	0.00295639
1114	0	0.0300102	0	0	0	0	0.00295639
1115	0	0.0300102	0	0	0	0	0.00295639
1116	0	0.0300102	0	0	0	0	0.00295639
1117	0	0.0300102	0	0	0	0	0.00295639
1118	0	0.0300102	0	0	0	0	0.00297165
1119	0	0.0300102	0	0	0	0	0.00297165
1120	0	0.0300102	0	0	0	0	0.00297165
1121	0	0.0300102	0	0	0	0	0.00297165
1122	0	0.0300102	0	0	0	0	0.00297165
1123	0	0.0300102	0	0	0	0	0.00297165
1124	0	0.0300102	0	0	0	0	0.00298691
1125	0	0.0300102	0	0	0	0	0.00298691
1126	0	0.0300102	0	0	0	0	0.00298691
1127	0	0.0300102	0	0	0	0	0.00299072
1128	0	0.0300102	0	0	0	0	0.00299072
1129	0	0.0300102	0	0	0	0	0.00299072
1130	0	0.0300102	0	0	0	0	0.00300598
1131	0	0.0300102	0	0	0	0	0.00300598
1132	0	0.0300102	0	0	0	0	0.00300598
1133	0	0.0300102	0	0	0	0	0.00300598
1134	0	0.0300102	0	0	0	0	0.00300598
1135	0	0.0300102	0	0	0	0	0.00302124
1136	0	0.0300102	0	0	0	0	0.00302124
1137	0	0.0300102	0	0	0	0	0.00302124
1138	0	0.0300102	0	0	0	0	0.00302124
1139	0	0.0300102	0	0	0	0	0.00302124
1140	0	0.0300102	0	0	0	0	0.00302124
1141	0	0.0300102	0	0	0	0	0.00304031
1142	0	0.0300102	0	0	0	0	0.00304031
1143	0	0.0300102	0	0	0	0	0.00304031
1144	0	0.0300102	0	0	0	0	0.00304031
1145	0	0.0300102	0	0	0	0	0.00304031
1146	0	0.0300102	0	0	0	0	0.00304031
1147	0	0.0300102	0	0	0	0	0.00305557
1148	0	0.0300102	0	0	0	0	0.00305557
1149	0	0.0300102	0	0	0	0	0.00305557
1150	0	0.0300102	0	0	0	0	0.00305939
1151	0	0.0300102	0	0	0	0	0.00305939
1152	0	0.0300102	0	0	0	0	0.00305939
1153	0	0.0300102	0	0	0	0	0.00307465
1154	0	0.0300102	0	0	0	0	0.00307465
1155	0	0.0300102	0	0	0	0	0.00307465
1156	0	0.0300102	0	0	0	0	0.00307465
1157	0	0.0300102	0	0	0	0	0.00307465
1158	0	0.0300102	0	0	0	0	0.00307465
1159	0	0.0300102	0	0	0	0	0.0030899
1160	0	0.0300102	0	0	0	0	0.0030899
1161	0	0.0300102	0	0	0	0	0.0030899
1162	0	0.0300102	0	0	0	0	0.0030899
1163	0	0.0300102	0	0	0	0	0.0030899
1164	0	0.0300102	0	0	0	0	0.0030899
1165	0	0.0300102	0	0	0	0	0.00310516
1166	0	0.0300102	0	0	0	0	0.00310516
1167	0	0.0300102	0	0	0	0	0.00310516
1168	0	0.0300102	0	0	0	0	0.00310516
1169	0	0.0300102	0	0	0	0	0.00310516
1170	0	0.0300102	0	0	0	0	0.00310516
1171	0	0.0300102	0	0	0	0	0.00312042
1172	0	0.0300102	0	0	0	0	0.00312042
1173	0	0.0300102	0	0	0	0	0.00312042
1174	0	0.0300102	0	0	0	0	0.00312042
1175	0	0.0300102	0	0	0	0	0.00312042
1176	0	0.0300102	0	0	0	0	0.00312042
1177	0	0.0300102	0	0	0	0	0.00313568
1178	0	0.0300102	0	0	0	0	0.00313568
1179	0	0.0300102	0	0	0	0	0.00313568
1180	0	0.0300102	0	0	0	0	0.00313568
1181	0	0.0300102	0	0	0	0	0.00313568
1182	0	0.0300102	0	0	0	0	0.00313568
1183	0	0.0300102	0	0	0	0	0.00315094
1184	0	0.0300102	0	0	0	0	0.00315094
1185	0	0.0300102	0	0	0	0	0.00315094
1186	0	0.0300102	0	0	0	0	0.00315094
1187	0	0.0300102	0	0	0	0	0.00315094
1188	0	0.0300102	0	0	0	0	0.00315094
1189	0	0.0300102	0	0	0	0	0.0031662
1190	0	0.0300102	0	0	0	0	0.0031662
1191	0	0.0300102	0	0	0	0	0.0031662
1192	0	0.0300102	0	0	0	0	0.0031662
1193	0	0.0300102	0	0	0	0	0.0031662
1194	0	0.0300102	0	0	0	0	0.0031662
1195	0	0.0300102	0	0	0	0	0.00318146
1196	0	0.0300102	0	0	0	0	0.00318146
1197	0	0.0300102	0	0	0	0	0.00318146
1198	0	0.0300102	0	0	0	0	0.00318146
1199	0	0.0300102	0	0	0	0	0.00318146
1200	0	0.0300102	0	0	0	0	0.00318146
1201	0	0.0300102	0	0	0	0	0.00319672
1202	0	0.0300102	0	0	0	0	0.00319672
1203	0	0.0300102	0	0	0	0	0.00319672
1204	0	0.0300102	0	0	0	0	0.00320053
1205	0	0.0300102	0	0	0	0	0.00320053
1206	0	0.0300102	0	0	0	0	0.00320053
1207	0	0.0300102	0	0	0	0	0.00321579
1208	0	0.0300102	0	0	0	0	0.00321579
1209	0	0.0300102	0	0	0	0	0.00321579
1210	0	0.0300102	0	0	0	0	0.00321579
1211	0	0.0300102	0	0	0	0	0.00321579
1212	0	0.0300102	0	0	0	0	0.00321579
1213	0	0.0300102	0	0	0	0	0.00323105
1214	0	0.0300102	0	0	0	0	0.00323105
1215	0	0.0300102	0	0	0	0	0.00323105
1216	0	0.0300102	0	0	0	0	0.00323105
1217	0	0.0300102	0	0	0	0	0.00323105
1218	0	0.0300102	0	0	0	0	0.00323105
1219	0	0.0300102	0	0	0	0	0.00324631
1220	0	0.0300102	0	0	0	0	0.00324631
1221	0	0.0300102	0	0	0	0	0.00324631
1222	0	0.0300102	0	0	0	0	0.00324631
1223	0	0.0300102	0	0	0	0	0.00324631
1224	0	0.0300102	0	0	0	0	0.00324631
1225	0	0.0300102	0	0	0	0	0.00326157
1226	0	0.0300102	0	0	0	0	0.00326157
1227	0	0.0300102	0	0	0	0	0.00326157
1228	0	0.0300102	0	0	0	0	0.00326157
1229	0	0.0300102	0	0	0	0	0.00326157
1230	0	0.0300102	0	0	0	0	0.00326157
1231	0	0.0300102	0	0	0	0	0.00327682
1232	0	0.0300102	0	0	0	0	0.00327682
1233	0	0.0300102	0	0	0	0	0.00327682
1234	0	0.0300102	0	0	0	0	0.00327682
1235	0	0.0300102	0	0	0	0	0.00327682
1236	0	0.0300102	0	0	0	0	0.00327682
1237	0	0.0300102	0	0	0	0	0.00329208
1238	0	0.0300102	0	0	0	0	0.00329208
1239	0	0.0300102	0	0	0	0	0.00329208
1240	0	0.0300102	0	0	0	0	0.00329208
1241	0	0.0300102	0	0	0	0	0.00329208
1242	0	0.0300102	0	0	0	0	0.00329208
1243	0	0.0300102	0	0	0	0	0.00330734
1244	0	0.0300102	0	0	0	0	0.00330734
1245	0	0.0300102	0	0	0	0	0.00330734
1246	0	0.0300102	0	0	0	0	0.00330734
1247	0	0.0300102	0	0	0	0	0.00330734
1248	0	0.0300102	0	0	0	0	0.0033226
1249	0	0.0300102	0	0	0	0	0.0033226
1250	0	0.0300102	0	0	0	0	0.0033226
1251	0	0.0300102	0	0	0	0	0.0033226
1252	0	0.0300102	0	0	0	0	0.00332642
1253	0	0.0300102	0	0	0	0	0.00332642
1254	0	0.0300102	0	0	0	0	0.00334167
1255	0	0.0300102	0	0	0	0	0.00334167
1256	0	0.0300102	0	0	0	0	0.00334167
1257	0	0.0300102	0	0	0	0	0.00334167
1258	0	0.0300102	0	0	0	0	0.00334167
1259	0	0.0300102	0	0	0	0	0.00334167
1260	0	0.0300102	0	0	0	0	0.00335693
1261	0	0.0300102	0	0	0	0	0.00335693
1262	0	0.0300102	0	0	0	0	0.00335693
1263	0	0.0300102	0	0	0	0	0.00335693
1264	0	0.0300102	0	0	0	0	0.00336075
1265	0	0.0300102	0	0	0	0	0.00336075
1266	0	0.0300102	0	0	0	0	0.00337601
1267	0	0.0300102	0	0	0	0	0.00337601
1268	0	0.0300102	0	0	0	0	0.00337601
1269	0	0.0300102	0	0	0	0	0.00337601
1270	0	0.0300102	0	0	0	0	0.00337601
1271	0	0.0300102	0	0	0	0	0.00337601
1272	0	0.0300102	0	0	0	0	0.00339127
1273	0	0.0300102	0	0	0	0	0.00339508
1274	0	0.0300102	0	0	0	0	0.00339508
1275	0	0.0300102	0	0	0	0	0.00339508
1276	0	0.0300102	0	0	0	0	0.00339508
1277	0	0.0300102	0	0	0	0	0.00339508
1278	0	0.0300102	0	0	0	0	0.00341034
1279	0	0.0300102	0	0	0	0	0.00341034
1280	0	0.0300102	0	0	0	0	0.00341034
1281	0	0.0300102	0	0	0	0	0.00341034
1282	0	0.0300102	0	0	0	0	0.00341034
1283	0	0.0300102	0	0	0	0	0.0034256
1284	0	0.0300102	0	0	0	0	0.0034256
1285	0	0.0300102	0	0	0	0	0.0034256
1286	0	0.0300102	0	0	0	0	0.0034256
1287	0	0.0300102	0	0	0	0	0.0034256
1288	0	0.0300102	0	0	0	0	0.0034256
1289	0	0.0300102	0	0	0	0	0.00344086
1290	0	0.0300102	0	0	0	0	0.00344086
1291	0	0.0300102	0	0	0	0	0.00344086
1292	0	0.0300102	0	0	0	0	0.00344086
1293	0	0.0300102	0	0	0	0	0.00344086
1294	0	0.0300102	0	0	0	0	0.00344086
1295	0	0.0300102	0	0	0	0	0.00345993
1296	0	0.0300102	0	0	0	0	0.00345993
1297	0	0.0300102	0	0	0	0	0.00345993
1298	0	0.0300102	0	0	0	0	0.00345993
1299	0	0.0300102	0	0	0	0	0.00345993
1300	0	0.0300102	0	0	0	0	0.00345993
1301	0	0.0300102	0	0	0	0	0.00347519
1302	0	0.0300102	0	0	0	0	0.00347519
1303	0	0.0300102	0	0	0	0	0.00347519
1304	0	0.0300102	0	0	0	0	0.00347519
1305	0	0.0300102	0	0	0	0	0.00347519
1306	0	0.0300102	0	0	0	0	0.00347519
1307	0	0.0300102	0	0	0	0	0.00349045
1308	0	0.0300102	0	0	0	0	0.00349045
1309	0	0.0300102	0	0	0	0	0.00349045
1310	0	0.0300102	0	0	0	0	0.00349045
1311	0	0.0300102	0	0	0	0	0.00349045
1312	0	0.0300102	0	0	0	0	0.00349045
1313	0	0.0300102	0	0	0	0	0.00350571
1314	0	0.0300102	0	0	0	0	0.00350571
1315	0	0.0300102	0	0	0	0	0.00350571
1316	0	0.0300102	0	0	0	0	0.00350571
1317	0	0.0300102	0	0	0	0	0.00350571
1318	0	0.0300102	0	0	0	0	0.00350571
1319	0	0.0300102	0	0	0	0	0.00352097
1320	0	0.0300102	0	0	0	0	0.00352097
1321	0	0.0300102	0	0	0	0	0.00352097
1322	0	0.0300102	0	0	0	0	0.00352097
1323	0	0.0300102	0	0	0	0	0.00352097
1324	0	0.0300102	0	0	0	0	0.00352097
1325	0	0.0300102	0	0	0	0	0.00353622
1326	0	0.0300102	0	0	0	0	0.00353622
1327	0	0.0300102	0	0	0	0	0.00353622
1328	0	0.0300102	0	0	0	0	0.00353622
1329	0	0.0300102	0	0	0	0	0.00353622
1330	0	0.0300102	0	0	0	0	0.00353622
1331	0	0.0300102	0	0	0	0	0.00355148
1332	0	0.0300102	0	0	0	0	0.00355148
1333	0	0.0300102	0	0	0	0	0.00355148
1334	0	0.0300102	0	0	0	0	0.00355148
1335	0	0.0300102	0	0	0	0	0.00355148
1336	0	0.0300102	0	0	0	0	0.00355148
1337	0	0.0300102	0	0	0	0	0.00356674
1338	0	0.0300102	0	0	0	0	0.00356674
1339	0	0.0300102	0	0	0	0	0.00356674
1340	0	0.0300102	0	0	0	0	0.00356674
1341	0	0.0300102	0	0	0	0	0.00356674
1342	0	0.0300102	0	0	0	0	0.00356674
1343	0	0.0300102	0	0	0	0	0.003582
1344	0	0.0300102	0	0	0	0	0.003582
1345	0	0.0300102	0	0	0	0	0.003582
1346	0	0.0300102	0	0	0	0	0.003582
1347	0	0.0300102	0	0	0	0	0.003582
1348	0	0.0300102	0	0	0	0	0.003582
1349	0	0.0300102	0	0	0	0	0.00359726
1350	0	0.0300102	0	0	0	0	0.00359726
1351	0	0.0300102	0	0	0	0	0.00359726
1352	0	0.0300102	0	0	0	0	0.00359726
1353	0	0.0300102	0	0	0	0	0.00359726
1354	0	0.0300102	0	0	0	0	0.00359726
1355	0	0.0300102	0	0	0	0	0.00361252
1356	0	0.0300102	0	0	0	0	0.00361252
1357	0	0.0300102	0	0	0	0	0.00361252
1358	0	0.0300102	0	0	0	0	0.00361252
1359	0	0.0300102	0	0	0	0	0.00361252
1360	0	0.0300102	0	0	0	0	0.00362778
1361	0	0.0300102	0	0	0	0	0.00362778
1362	0	0.0300102	0	0	0	0	0.00362778
1363	0	0.0300102	0	0	0	0	0.00362778
1364	0	0.0300102	0	0	0	0	0.00363159
1365	0	0.0300102	0	0	0	0	0.00364685
1366	0	0.0300102	0	0	0	0	0.00364685
1367	0	0.0300102	0	0	0	0	0.00364685
1368	0	0.0300102	0	0	0	0	0.00364685
1369	0	0.0300102	0	0	0	0	0.00364685
1370	0	0.0300102	0	0	0	0	0.00366211
1371	0	0.0300102	0	0	0	0	0.00366211
1372	0	0.0300102	0	0	0	0	0.00366211
1373	0	0.0300102	0	0	0	0	0.00366211
1374	0	0.0300102	0	0	0	0	0.00366211
1375	0	0.0300102	0	0	0	0	0.00366211
1376	0	0.0300102	0	0	0	0	0.00367737
1377	0	0.0300102	0	0	0	0	0.00367737
1378	0	0.0300102	0	0	0	0	0.00367737
1379	0	0.0300102	0	0	0	0	0.00368118
1380	0	0.0300102	0	0	0	0	0.00368118
1381	0	0.0300102	0	0	0	0	0.00368118
1382	0	0.0300102	0	0	0	0	0.00369644
1383	0	0.0300102	0	0	0	0	0.00369644
1384	0	0.0300102	0	0	0	0	0.00369644
1385	0	0.0300102	0	0	0	0	0.00369644
1386	0	0.0300102	0	0	0	0	0.00370026
1387	0	0.0300102	0	0	0	0	0.00370026
1388	0	0.0300102	0	0	0	0	0.00371552
1389	0	0.0300102	0	0	0	0	0.00371552
1390	0	0.0300102	0	0	0	0	0.00371552
1391	0	0.0300102	0	0	0	0	0.00371552
1392	0	0.0300102	0	0	0	0	0.00371552
1393	0	0.0300102	0	0	0	0	0.00371552
1394	0	0.0300102	0	0	0	0	0.00373077
1395	0	0.0300102	0	0	0	0	0.00373077
1396	0	0.0300102	0	0	0	0	0.00373077
1397	0	0.0300102	0	0	0	0	0.00373077
1398	0	0.0300102	0	0	0	0	0.00373077
1399	0	0.0300102	0	0	0	0	0.00373077
1400	0	0.0300102	0	0	0	0	0.00374603
1401	0	0.0300102	0	0	0	0	0.00374603
1402	0	0.0300102	0	0	0	0	0.00374603
1403	0	0.0300102	0	0	0	0	0.00374603
1404	0	0.0300102	0	0	0	0	0.00374603
1405	0	0.0300102	0	0	0	0	0.00374603
1406	0	0.0300102	0	0	0	0	0.00376129
1407	0	0.0300102	0	0	0	0	0.00376129
1408	0	0.0300102	0	0	0	0	0.00376129
1409	0	0.0300102	0	0	0	0	0.00376129
1410	0	0.0300102	0	0	0	0	0.00376129
1411	0	0.0300102	0	0	0	0	0.00376129
1412	0	0.0300102	0	0	0	0	0.00377655
1413	0	0.0300102	0	0	0	0	0.00377655
1414	0	0.0300102	0	0	0	0	0.00377655
1415	0	0.0300102	0	0	0	0	0.00377655
1416	0	0.0300102	0	0	0	0	0.00377655
1417	0	0.0300102	0	0	0	0	0.00377655
1418	0	0.0300102	0	0	0	0	0.00379181
1419	0	0.0300102	0	0	0	0	0.00379181
1420	0	0.0300102	0	0	0	0	0.00379562
1421	0	0.0300102	0	0	0	0	0.00379562
1422	0	0.0300102	0	0	0	0	0.00379562
1423	0	0.0300102	0	0	0	0	0.00379562
1424	0	0.0300102	0	0	0	0	0.00381088
1425	0	0.0300102	0	0	0	0	0.00381088
1426	0	0.0300102	0	0	0	0	0.00381088
1427	0	0.0300102	0	0	0	0	0.00381088
1428	0	0.0300102	0	0	0	0	0.00381088
1429	0	0.0300102	0	0	0	0	0.00381088
1430	0	0.0300102	0	0	0	0	0.00382614
1431	0	0.0300102	0	0	0	0	0.00382614
1432	0	0.0300102	0	0	0	0	0.00382614
1433	0	0.0300102	0	0	0	0	0.00382614
1434	0	0.0300102	0	0	0	0	0.00382614
1435	0	0.0300102	0	0	0	0	0.00382614
1436	0	0.0300102	0	0	0	0	0.0038414
1437	0	0.0300102	0	0	0	0	0.0038414
1438	0	0.0300102	0	0	0	0	0.0038414
1439	0	0.0300102	0	0	0	0	0.0038414
1440	0	0.0300102	0	0	0	0	0.0038414
1441	0	0.0300102	0	0	0	0	0.0038414
1442	0	0.0300102	0	0	0	0	0.00385666
1443	0	0.0300102	0	0	0	0	0.00385666
1444	0	0.0300102	0	0	0	0	0.00385666
1445	0	0.0300102	0	0	0	0	0.00385666
1446	0	0.0300102	0	0	0	0	0.00385666
1447	0	0.0300102	0	0	0	0	0.00385666
1448	0	0.0300102	0	0	0	0	0.00387192
1449	0	0.0300102	0	0	0	0	0.00387192
1450	0	0.0300102	0	0	0	0	0.00387192
1451	0	0.0300102	0	0	0	0	0.00387192
1452	0	0.0300102	0	0	0	0	0.00387192
1453	0	0.0300102	0	0	0	0	0.00387192
1454	0	0.0300102	0	0	0	0	0.00388718
1455	0	0.0300102	0	0	0	0	0.00388718
1456	0	0.0300102	0	0	0	0	0.00388718
1457	0	0.0300102	0	0	0	0	0.00388718
1458	0	0.0300102	0	0	0	0	0.00388718
1459	0	0.0300102	0	0	0	0	0.00390244
1460	0	0.0300102	0	0	0	0	0.00390244
1461	0	0.0300102	0	0	0	0	0.00390244
1462	0	0.0300102	0	0	0	0	0.00390244
1463	0	0.0300102	0	0	0	0	0.00390244
1464	0	0.0300102	0	0	0	0	0.00390244
1465	0	0.0300102	0	0	0	0	0.00391769
1466	0	0.0300102	0	0	0	0	0.00391769
1467	0	0.0300102	0	0	0	0	0.00391769
1468	0	0.0300102	0	0	0	0	0.00391769
1469	0	0.0300102	0	0	0	0	0.00391769
1470	0	0.0300102	0	0	0	0	0.00391769
1471	0	0.0300102	0	0	0	0	0.00393295
1472	0	0.0300102	0	0	0	0	0.00393295
1473	0	0.0300102	0	0	0	0	0.00393295
1474	0	0.0300102	0	0	0	0	0.00393295
1475	0	0.0300102	0	0	0	0	0.00393677
1476	0	0.0300102	0	0	0	0	0.00393677
1477	0	0.0300102	0	0	0	0	0.00395584
1478	0	0.0300102	0	0	0	0	0.00395584
1479	0	0.0300102	0	0	0	0	0.00395584
1480	0	0.0300102	0	0	0	0	0.00395584
1481	0	0.0300102	0	0	0	0	0.00395584
1482	0	0.0300102	0	0	0	0	0.00395584
1483	0	0.0300102	0	0	0	0	0.0039711
1484	0	0.0300102	0	0	0	0	0.0039711
1485	0	0.0300102	0	0	0	0	0.0039711
1486	0	0.0300102	0	0	0	0	0.0039711
1487	0	0.0300102	0	0	0	0	0.0039711
1488	0	0.0300102	0	0	0	0	0.0039711
1489	0	0.0300102	0	0	0	0	0.00398636
1490	0	0.0300102	0	0	0	0	0.00398636
1491	0	0.0300102	0	0	0	0	0.00398636
1492	0	0.0300102	0	0	0	0	0.00398636
1493	0	0.0300102	0	0	0	0	0.00399017
1494	0	0.0300102	0	0	0	0	0.00400543
1495	0	0.0300102	0	0	0	0	0.00400543
1496	0	0.0300102	0	0	0	0	0.00400543
1497	0	0.0300102	0	0	0	0	0.00400543
1498	0	0.0300102	0	0	0	0	0.00400543
1499	0	0.0300102	0	0	0	0	0.00402069
1500	0	0.0300102	0	0	0	0	0.00402069
1501	0	0.0300102	0	0	0	0	0.00402069
1502	0	0.0300102	0	0	0	0	0.00402069
1503	0	0.0300102	0	0	0	0	0.00402069
1504	0	0.0300102	0	0	0	0	0.00402069
1505	0	0.0300102	0	0	0	0	0.00403595
1506	0	0.0300102	0	0	0	0	0.00403595
1507	0	0.0300102	0	0	0	0	0.00403595
1508	0	0.0300102	0	0	0	0	0.00403595
1509	0	0.0300102	0	0	0	0	0.00403595
1510	0	0.0300102	0	0	0	0	0.00403595
1511	0	0.0300102	0	0	0	0	0.00405121
1512	0	0.0300102	0	0	0	0	0.00405121
1513	0	0.0300102	0	0	0	0	0.00405121
1514	0	0.0300102	0	0	0	0	0.00405121
1515	0	0.0300102	0	0	0	0	0.00405121
1516	0	0.0300102	0	0	0	0	0.00405121
1517	0	0.0300102	0	0	0	0	0.00406647
1518	0	0.0300102	0	0	0	0	0.00406647
1519	0	0.0300102	0	0	0	0	0.00406647
1520	0	0.0300102	0	0	0	0	0.00406647
1521	0	0.0300102	0	0	0	0	0.00406647
1522	0	0.0300102	0	0	0	0	0.00406647
1523	0	0.0300102	0	0	0	0	0.00408173
1524	0	0.0300102	0	0	0	0	0.00408173
1525	0	0.0300102	0	0	0	0	0.00408173
1526	0	0.0300102	0	0	0	0	0.00408173
1527	0	0.0300102	0	0	0	0	0.00408173
1528	0	0.0300102	0	0	0	0	0.00408173
1529	0	0.0300102	0	0	0	0	0.00409698
1530	0	0.0300102	0	0	0	0	0.00409698
1531	0	0.0300102	0	0	0	0	0.00409698
1532	0	0.0300102	0	0	0	0	0.00409698
1533	0	0.0300102	0	0	0	0	0.00409698
1534	0	0.0300102	0	0	0	0	0.00409698
1535	0	0.0300102	0	0	0	0	0.00411224
1536	0	0.0300102	0	0	0	0	0.00411224
1537	0	0.0300102	0	0	0	0	0.00411224
1538	0	0.0300102	0	0	0	0	0.00411224
1539	0	0.0300102	0	0	0	0	0.00411224
1540	0	0.0300102	0	0	0	0	0.00411224
1541	0	0.0300102	0	0	0	0	0.0041275
1542	0	0.0300102	0	0	0	0	0.0041275
